ABC News (AU) ,abc-news-au,general ,en
Ars Technica ,ars-technica,technology ,en
Associated Press ,associated-press,general ,en
BBC News,bbc-news,general ,en
BBC Sport ,bbc-sport,sport ,en
Bild ,bild,general,de
Bloomberg ,bloomberg,business,en
Business Insider ,business-insider,business,en
Business Insider (UK) ,business-insider-uk,business,en
Buzzfeed ,buzzfeed,entertainment,en
CNBC ,cnbc,business ,en
CNN ,cnn,general ,en
Daily Mail ,daily-mail,entertainment ,en
Engadget ,engadget,technology ,en
Entertainment Weekly ,entertainment-weekly,entertainment ,en
ESPN ,espn,sport ,en
ESPN Cric Info,espn-cric-info,sport ,en
Financial Times ,financial-times,business ,en
Focus ,focus,general ,de
Football Italia ,football-italia,sport ,en
Fortune ,fortune,business ,en
FourFourTwo ,four-four-two,sport ,en
Fox Sports ,fox-sports,sport ,en
Google News ,google-news,general ,en
Gruenderszene ,gruenderszene,technology ,de
Hacker News ,hacker-news,technology ,en
IGN ,ign,gaming ,en
Independent ,independent,general ,en
Mashable ,mashable,entertainment ,en
Metro ,metro,general ,en
Mirror ,mirror,general,en
MTV News ,mtv-news,music ,en
MTV News (UK) ,mtv-news-uk,music ,en
National Geographic ,national-geographic,science-and-nature,en
New Scientist ,new-scientist,science-and-nature ,en
Newsweek ,newsweek,general ,en
New York Magazine ,new-york-magazine,general ,en
NFL News ,nfl-news,sport ,en
Polygon ,polygon,gaming ,en
Recode ,recode,technology ,en
Reddit /r/all ,reddit-r-all,general ,en
Reuters ,reuters,general ,en
Sky News,sky-news,general ,en
Sky Sports News ,sky-sports-news,sport ,en
Spiegel Online ,spiegel-online,general ,de
T3n ,t3n,technology ,de
TalkSport ,talksport,sport ,en
TechCrunch ,techcrunch,technology ,en
TechRadar ,techradar,technology ,en
The Economist ,the-economist,business ,en
The Guardian (AU) ,the-guardian-au,general ,en
The Guardian (UK) ,the-guardian-uk,general ,en
The Hindu ,the-hindu,general ,en
The Huffington Post ,the-huffington-post,general ,en
The Lad Bible ,the-lad-bible,entertainment ,en
The New York Times ,the-new-york-times,general ,en
The Next Web ,the-next-web,technology ,en
The Sport Bible ,the-sport-bible,sport ,en
The Telegraph ,the-telegraph,general ,en
The Times of India ,the-times-of-india,general ,en
The Verge ,the-verge,technology ,en
The Wall Street Journal ,the-wall-street-journal,business ,en
The Washington Post ,the-washington-post,general ,en
Time ,time,general ,en
USA Today ,usa-today,general ,en
Wired.de,wired-de,technology ,de
